<settings>
    <setting id="addon.match" value="1" />
    <setting id="addons.ini.file" value="special://userdata/addon_data/script.ivue/resources/ini/plugin.video.spartanIPTV/plugin.video.spartanIPTV.ini" />
    <setting id="addons.ini.type" value="1" />
    <setting id="alternative.playback" value="false" />
    <setting id="autostart" value="false" />
    <setting id="categories.ini.enabled" value="false" />
    <setting id="categories.ini.file" value="" />
    <setting id="categories.ini.type" value="0" />
    <setting id="categories.ini.url" value="" />
    <setting id="channel.color" value="[COLOR ffffffff]white[/COLOR]" />
    <setting id="channel.filter.sort" value="0" />
    <setting id="custom.xmltv.type" value="0" />
    <setting id="customSkin.enabled" value="false" />
    <setting id="customSkin.file" value="" />
    <setting id="customSkin.type" value="0" />
    <setting id="description.color" value="[COLOR ffffffff]white[/COLOR]" />
    <setting id="download.skin" value="" />
    <setting id="enable.osd" value="false" />
    <setting id="focus.color" value="[COLOR ffffffff]white[/COLOR]" />
    <setting id="font.size" value="false" />
    <setting id="ignore.stream" value="false" />
    <setting id="ivue-categories.ini.enabled" value="false" />
    <setting id="listing.days" value="1" />
    <setting id="listing.hours" value="6" />
    <setting id="listing.sort.time" value="true" />
    <setting id="logos" value="http://raw.githubusercontent.com/totaltec2014/ivue2/master/logos/" />
    <setting id="logos.enabled" value="true" />
    <setting id="logos.folder" value="" />
    <setting id="logos.source" value="0" />
    <setting id="mainurl" value="http://ivuetvguide.com/ivueguide/" />
    <setting id="nofocus.color" value="[COLOR ffffffff]white[/COLOR]" />
    <setting id="notifications.enabled" value="true" />
    <setting id="password" value="185469" />
    <setting id="program.search.plot" value="false" />
    <setting id="scroll.channel" value="true" />
    <setting id="skin" value="Default" />
    <setting id="stop-stream" value="true" />
    <setting id="userid" value="future" />
    <setting id="username" value="future" />
    <setting id="userurl" value="http://ivuetvguide.com/ivueguide/" />
    <setting id="xmltv.file" value="" />
    <setting id="xmltv.interval" value="2" />
    <setting id="xmltv.type" value="2" />
    <setting id="xmltv.type_select" value="IVUE (UK USA Amys list)" />
    <setting id="xmltv.url" value="" />
</settings>
