<?xml version="1.1" encoding="UTF-8" standalone="yes"?>
<addon id="plugin.video.primetime"
       name="Primetime" 
       version="7.1"
       provider-name="Six">">
  <requires>
    <import addon="xbmc.python" version="2.1.0"/>
	<import addon="script.module.requests" />
  </requires>
  <extension point="xbmc.python.pluginsource"
            library="default.py">
        <provides>video</provides>
  </extension>
  <extension point="xbmc.addon.metadata">
    <summary>Here We Are</summary>
        <description>Here We Are offering only the best in IPTV - Includes The New "Series" API (by Six)</description>
        <disclaimer>The author does not host or distribute any of the content displayed by this addon. The author does not have any affiliation with the content providers.</disclaimer>
        <language>en</language>
     <platform>all</platform>
  </extension>
</addon>
